{
  "timestamp": "2026-06-19T07:00:10.342485",
  "ivf_metrics": {
    "index_type": "IVF",
    "recall_at_1": 0.16,
    "recall_at_5": 0.17999999999999988,
    "recall_at_10": 0.17199999999999996,
    "latency_p50_ms": 0.3047709906240925,
    "latency_p95_ms": 0.37620146467816085,
    "latency_p99_ms": 0.5159792612539605,
    "qps": 3169.898643545759,
    "build_time_ms": 449.9219580029603,
    "build_cpu_percent": 532.1,
    "query_cpu_percent": 99.8,
    "memory_mb": -1.609375
  },
  "hnsw_metrics": {
    "index_type": "HNSW",
    "recall_at_1": 0.89,
    "recall_at_5": 0.7979999999999994,
    "recall_at_10": 0.7649999999999999,
    "latency_p50_ms": 0.15093700494617224,
    "latency_p95_ms": 0.19938960176659745,
    "latency_p99_ms": 0.2875403276993936,
    "qps": 5999.6247880122255,
    "build_time_ms": 724.476292001782,
    "build_cpu_percent": 726.4,
    "query_cpu_percent": 95.4,
    "memory_mb": 2.875
  },
  "pq_metrics": {
    "index_type": "ProductQuantization",
    "recall_at_1": 0.16,
    "recall_at_5": 0.2679999999999998,
    "recall_at_10": 0.3209999999999998,
    "recall_loss_at_10": 0.6790000000000003,
    "latency_p50_ms": 2.8288334870012477,
    "latency_p95_ms": 6.155810387281235,
    "latency_p99_ms": 8.626874579349533,
    "qps": 322.48281637604,
    "build_time_ms": 2107.6310419884976,
    "build_cpu_percent": 282.3,
    "query_cpu_percent": 716.7,
    "memory_mb": 39.625,
    "compression_ratio": 17.590149516270888
  },
  "nprobe_metrics": [
    {
      "nprobe": 1,
      "recall_at_1": 0.18,
      "recall_at_5": 0.13599999999999995,
      "recall_at_10": 0.11399999999999993,
      "latency_p50_ms": 0.17406250117346644,
      "latency_p95_ms": 0.19893569697160274,
      "latency_p99_ms": 0.32474842126248415,
      "qps": 5599.626792136636,
      "query_cpu_percent": 99.9
    },
    {
      "nprobe": 2,
      "recall_at_1": 0.33,
      "recall_at_5": 0.21799999999999997,
      "recall_at_10": 0.19599999999999998,
      "latency_p50_ms": 0.2960834972327575,
      "latency_p95_ms": 0.36781874223379407,
      "latency_p99_ms": 0.48281559837050786,
      "qps": 3276.070353132057,
      "query_cpu_percent": 99.7
    },
    {
      "nprobe": 4,
      "recall_at_1": 0.42,
      "recall_at_5": 0.3299999999999999,
      "recall_at_10": 0.3030000000000001,
      "latency_p50_ms": 0.5067919992143288,
      "latency_p95_ms": 0.5873252870514989,
      "latency_p99_ms": 0.726193181180861,
      "qps": 1919.4993821684427,
      "query_cpu_percent": 99.8
    },
    {
      "nprobe": 8,
      "recall_at_1": 0.59,
      "recall_at_5": 0.48,
      "recall_at_10": 0.45799999999999985,
      "latency_p50_ms": 0.9612504945835099,
      "latency_p95_ms": 1.1549622067832388,
      "latency_p99_ms": 1.2293514993507417,
      "qps": 1020.8521819456618,
      "query_cpu_percent": 99.8
    },
    {
      "nprobe": 16,
      "recall_at_1": 0.76,
      "recall_at_5": 0.674,
      "recall_at_10": 0.6639999999999998,
      "latency_p50_ms": 2.1057499980088323,
      "latency_p95_ms": 2.580479509197175,
      "latency_p99_ms": 3.139265823410825,
      "qps": 457.6968010589163,
      "query_cpu_percent": 98.5
    }
  ],
  "distributed_scaling": [
    {
      "n_workers": 1,
      "ingest_qps": 1908.0388870444351,
      "ingest_cpu": 32.4,
      "search_qps": 1251.4861399254896,
      "search_latency_p50_ms": 0.7646875164937228,
      "search_latency_p95_ms": 0.8526500023435801,
      "search_latency_p99_ms": 0.9409936700831325,
      "query_cpu": 29.5,
      "recovery_time_ms": 0.0
    },
    {
      "n_workers": 2,
      "ingest_qps": 1909.6053294800658,
      "ingest_cpu": 32.3,
      "search_qps": 1251.0497088973038,
      "search_latency_p50_ms": 0.7624999998370185,
      "search_latency_p95_ms": 0.8508312588674015,
      "search_latency_p99_ms": 0.9423812368186347,
      "query_cpu": 29.8,
      "recovery_time_ms": 5149.490750016412
    },
    {
      "n_workers": 4,
      "ingest_qps": 1637.6087755679787,
      "ingest_cpu": 32.4,
      "search_qps": 1082.7075769104497,
      "search_latency_p50_ms": 0.8937084930948913,
      "search_latency_p95_ms": 1.1591232439968735,
      "search_latency_p99_ms": 1.3118996054981849,
      "query_cpu": 65.1,
      "recovery_time_ms": 5204.385875025764
    }
  ],
  "replication_metrics": {
    "replication_lag_ms": 16.469124995637685,
    "primary_reads_qps": 1477.356744849709,
    "primary_reads_latency_p50_ms": 0.6646455149166286,
    "primary_reads_latency_p95_ms": 0.7407576980767772,
    "primary_reads_latency_p99_ms": 0.7917778193950681,
    "replica_reads_qps": 1294.7721528400464,
    "replica_reads_latency_p50_ms": 0.687541498336941,
    "replica_reads_latency_p95_ms": 1.0938024235656485,
    "replica_reads_latency_p99_ms": 1.4785774890333476
  }
}